"seasonid","leagueid","seasonyear","startdate","enddate"
1,10175,2024,"2024-08-01","2025-05-31"
2,260,2024,"2024-08-01","2025-05-31"
3,9173,2024,"2024-08-01","2025-05-31"
4,516,2024,"2024-08-01","2025-05-31"
5,112,2024,"2024-08-01","2025-05-31"
6,8965,2024,"2024-08-01","2025-05-31"
7,9213,2024,"2024-08-01","2025-05-31"
8,9305,2024,"2024-08-01","2025-05-31"
9,9381,2024,"2024-08-01","2025-05-31"
10,9170,2024,"2024-08-01","2025-05-31"
11,10007,2024,"2024-08-01","2025-05-31"
12,10075,2024,"2024-08-01","2025-05-31"
13,10053,2024,"2024-08-01","2025-05-31"
14,118,2024,"2024-08-01","2025-05-31"
15,113,2024,"2024-08-01","2025-05-31"
16,9495,2024,"2024-08-01","2025-05-31"
17,9471,2024,"2024-08-01","2025-05-31"
18,38,2024,"2024-08-01","2025-05-31"
19,119,2024,"2024-08-01","2025-05-31"
20,278,2024,"2024-08-01","2025-05-31"
21,262,2024,"2024-08-01","2025-05-31"
22,10443,2024,"2024-08-01","2025-05-31"
23,263,2024,"2024-08-01","2025-05-31"
24,9255,2024,"2024-08-01","2025-05-31"
25,9521,2024,"2024-08-01","2025-05-31"
26,9658,2024,"2024-08-01","2025-05-31"
27,40,2024,"2024-08-01","2025-05-31"
28,264,2024,"2024-08-01","2025-05-31"
29,149,2024,"2024-08-01","2025-05-31"
30,41,2024,"2024-08-01","2025-05-31"
31,266,2024,"2024-08-01","2025-05-31"
32,144,2024,"2024-08-01","2025-05-31"
33,9334,2024,"2024-08-01","2025-05-31"
34,267,2024,"2024-08-01","2025-05-31"
35,268,2024,"2024-08-01","2025-05-31"
36,8814,2024,"2024-08-01","2025-05-31"
37,8971,2024,"2024-08-01","2025-05-31"
38,9067,2024,"2024-08-01","2025-05-31"
39,9429,2024,"2024-08-01","2025-05-31"
40,10077,2024,"2024-08-01","2025-05-31"
41,10290,2024,"2024-08-01","2025-05-31"
42,10272,2024,"2024-08-01","2025-05-31"
43,10274,2024,"2024-08-01","2025-05-31"
44,10291,2024,"2024-08-01","2025-05-31"
45,10273,2024,"2024-08-01","2025-05-31"
46,10244,2024,"2024-08-01","2025-05-31"
47,10078,2024,"2024-08-01","2025-05-31"
48,270,2024,"2024-08-01","2025-05-31"
49,271,2024,"2024-08-01","2025-05-31"
50,9584,2024,"2024-08-01","2025-05-31"
51,9096,2024,"2024-08-01","2025-05-31"
52,272,2024,"2024-08-01","2025-05-31"
53,9986,2024,"2024-08-01","2025-05-31"
54,9837,2024,"2024-08-01","2025-05-31"
55,273,2024,"2024-08-01","2025-05-31"
56,9091,2024,"2024-08-01","2025-05-31"
57,9126,2024,"2024-08-01","2025-05-31"
58,9761,2024,"2024-08-01","2025-05-31"
59,9407,2024,"2024-08-01","2025-05-31"
60,120,2024,"2024-08-01","2025-05-31"
61,9137,2024,"2024-08-01","2025-05-31"
62,9550,2024,"2024-08-01","2025-05-31"
63,9491,2024,"2024-08-01","2025-05-31"
64,10183,2024,"2024-08-01","2025-05-31"
65,9490,2024,"2024-08-01","2025-05-31"
66,274,2024,"2024-08-01","2025-05-31"
67,9125,2024,"2024-08-01","2025-05-31"
68,121,2024,"2024-08-01","2025-05-31"
69,10223,2024,"2024-08-01","2025-05-31"
70,252,2024,"2024-08-01","2025-05-31"
71,275,2024,"2024-08-01","2025-05-31"
72,276,2024,"2024-08-01","2025-05-31"
73,136,2024,"2024-08-01","2025-05-31"
74,9100,2024,"2024-08-01","2025-05-31"
75,330,2024,"2024-08-01","2025-05-31"
76,521,2024,"2024-08-01","2025-05-31"
77,122,2024,"2024-08-01","2025-05-31"
78,10025,2024,"2024-08-01","2025-05-31"
79,254,2024,"2024-08-01","2025-05-31"
80,253,2024,"2024-08-01","2025-05-31"
81,46,2024,"2024-08-01","2025-05-31"
82,85,2024,"2024-08-01","2025-05-31"
83,239,2024,"2024-08-01","2025-05-31"
84,240,2024,"2024-08-01","2025-05-31"
85,241,2024,"2024-08-01","2025-05-31"
86,242,2024,"2024-08-01","2025-05-31"
87,256,2024,"2024-08-01","2025-05-31"
88,10046,2024,"2024-08-01","2025-05-31"
89,246,2024,"2024-08-01","2025-05-31"
90,519,2024,"2024-08-01","2025-05-31"
91,9941,2024,"2024-08-01","2025-05-31"
92,10270,2024,"2024-08-01","2025-05-31"
93,10314,2024,"2024-08-01","2025-05-31"
94,335,2024,"2024-08-01","2025-05-31"
95,47,2024,"2024-08-01","2025-05-31"
96,48,2024,"2024-08-01","2025-05-31"
97,108,2024,"2024-08-01","2025-05-31"
98,109,2024,"2024-08-01","2025-05-31"
99,117,2024,"2024-08-01","2025-05-31"
100,8944,2024,"2024-08-01","2025-05-31"
101,8947,2024,"2024-08-01","2025-05-31"
102,9084,2024,"2024-08-01","2025-05-31"
103,10176,2024,"2024-08-01","2025-05-31"
104,247,2024,"2024-08-01","2025-05-31"
105,132,2024,"2024-08-01","2025-05-31"
106,133,2024,"2024-08-01","2025-05-31"
107,10626,2024,"2024-08-01","2025-05-31"
108,142,2024,"2024-08-01","2025-05-31"
109,9253,2024,"2024-08-01","2025-05-31"
110,10068,2024,"2024-08-01","2025-05-31"
111,9227,2024,"2024-08-01","2025-05-31"
112,10082,2024,"2024-08-01","2025-05-31"
113,9717,2024,"2024-08-01","2025-05-31"
114,9294,2024,"2024-08-01","2025-05-31"
115,10705,2024,"2024-08-01","2025-05-31"
116,248,2024,"2024-08-01","2025-05-31"
117,10034,2024,"2024-08-01","2025-05-31"
118,9069,2024,"2024-08-01","2025-05-31"
119,9523,2024,"2024-08-01","2025-05-31"
120,250,2024,"2024-08-01","2025-05-31"
121,51,2024,"2024-08-01","2025-05-31"
122,52,2024,"2024-08-01","2025-05-31"
123,251,2024,"2024-08-01","2025-05-31"
124,143,2024,"2024-08-01","2025-05-31"
125,8969,2024,"2024-08-01","2025-05-31"
126,10174,2024,"2024-08-01","2025-05-31"
127,10186,2024,"2024-08-01","2025-05-31"
128,342,2024,"2024-08-01","2025-05-31"
129,10713,2024,"2024-08-01","2025-05-31"
130,53,2024,"2024-08-01","2025-05-31"
131,110,2024,"2024-08-01","2025-05-31"
132,8970,2024,"2024-08-01","2025-05-31"
133,134,2024,"2024-08-01","2025-05-31"
134,9677,2024,"2024-08-01","2025-05-31"
135,9666,2024,"2024-08-01","2025-05-31"
136,9667,2024,"2024-08-01","2025-05-31"
137,207,2024,"2024-08-01","2025-05-31"
138,439,2024,"2024-08-01","2025-05-31"
139,9310,2024,"2024-08-01","2025-05-31"
140,54,2024,"2024-08-01","2025-05-31"
141,146,2024,"2024-08-01","2025-05-31"
142,208,2024,"2024-08-01","2025-05-31"
143,209,2024,"2024-08-01","2025-05-31"
144,512,2024,"2024-08-01","2025-05-31"
145,9081,2024,"2024-08-01","2025-05-31"
146,9734,2024,"2024-08-01","2025-05-31"
147,10022,2024,"2024-08-01","2025-05-31"
148,8924,2024,"2024-08-01","2025-05-31"
149,9676,2024,"2024-08-01","2025-05-31"
150,10650,2024,"2024-08-01","2025-05-31"
151,522,2024,"2024-08-01","2025-05-31"
152,135,2024,"2024-08-01","2025-05-31"
153,145,2024,"2024-08-01","2025-05-31"
154,8815,2024,"2024-08-01","2025-05-31"
155,10019,2024,"2024-08-01","2025-05-31"
156,336,2024,"2024-08-01","2025-05-31"
157,337,2024,"2024-08-01","2025-05-31"
158,212,2024,"2024-08-01","2025-05-31"
159,213,2024,"2024-08-01","2025-05-31"
160,215,2024,"2024-08-01","2025-05-31"
161,216,2024,"2024-08-01","2025-05-31"
162,217,2024,"2024-08-01","2025-05-31"
163,10009,2024,"2024-08-01","2025-05-31"
164,10226,2024,"2024-08-01","2025-05-31"
165,10076,2024,"2024-08-01","2025-05-31"
166,9478,2024,"2024-08-01","2025-05-31"
167,10309,2024,"2024-08-01","2025-05-31"
168,8982,2024,"2024-08-01","2025-05-31"
169,10366,2024,"2024-08-01","2025-05-31"
170,8983,2024,"2024-08-01","2025-05-31"
171,523,2024,"2024-08-01","2025-05-31"
172,9372,2024,"2024-08-01","2025-05-31"
173,9487,2024,"2024-08-01","2025-05-31"
174,10288,2024,"2024-08-01","2025-05-31"
175,524,2024,"2024-08-01","2025-05-31"
176,10310,2024,"2024-08-01","2025-05-31"
177,126,2024,"2024-08-01","2025-05-31"
178,221,2024,"2024-08-01","2025-05-31"
179,218,2024,"2024-08-01","2025-05-31"
180,219,2024,"2024-08-01","2025-05-31"
181,10307,2024,"2024-08-01","2025-05-31"
182,9431,2024,"2024-08-01","2025-05-31"
183,10210,2024,"2024-08-01","2025-05-31"
184,127,2024,"2024-08-01","2025-05-31"
185,128,2024,"2024-08-01","2025-05-31"
186,9735,2024,"2024-08-01","2025-05-31"
187,9097,2024,"2024-08-01","2025-05-31"
188,9862,2024,"2024-08-01","2025-05-31"
189,9098,2024,"2024-08-01","2025-05-31"
190,55,2024,"2024-08-01","2025-05-31"
191,86,2024,"2024-08-01","2025-05-31"
192,141,2024,"2024-08-01","2025-05-31"
193,147,2024,"2024-08-01","2025-05-31"
194,222,2024,"2024-08-01","2025-05-31"
195,10178,2024,"2024-08-01","2025-05-31"
196,10434,2024,"2024-08-01","2025-05-31"
197,223,2024,"2024-08-01","2025-05-31"
198,8974,2024,"2024-08-01","2025-05-31"
199,9136,2024,"2024-08-01","2025-05-31"
200,9915,2024,"2024-08-01","2025-05-31"
201,9011,2024,"2024-08-01","2025-05-31"
202,224,2024,"2024-08-01","2025-05-31"
203,440,2024,"2024-08-01","2025-05-31"
204,225,2024,"2024-08-01","2025-05-31"
205,9504,2024,"2024-08-01","2025-05-31"
206,529,2024,"2024-08-01","2025-05-31"
207,226,2024,"2024-08-01","2025-05-31"
208,9486,2024,"2024-08-01","2025-05-31"
209,228,2024,"2024-08-01","2025-05-31"
210,9632,2024,"2024-08-01","2025-05-31"
211,9493,2024,"2024-08-01","2025-05-31"
212,229,2024,"2024-08-01","2025-05-31"
213,9527,2024,"2024-08-01","2025-05-31"
214,9174,2024,"2024-08-01","2025-05-31"
215,249,2024,"2024-08-01","2025-05-31"
216,9528,2024,"2024-08-01","2025-05-31"
217,8985,2024,"2024-08-01","2025-05-31"
218,230,2024,"2024-08-01","2025-05-31"
219,8976,2024,"2024-08-01","2025-05-31"
220,9906,2024,"2024-08-01","2025-05-31"
221,10325,2024,"2024-08-01","2025-05-31"
222,231,2024,"2024-08-01","2025-05-31"
223,9530,2024,"2024-08-01","2025-05-31"
224,10065,2024,"2024-08-01","2025-05-31"
225,232,2024,"2024-08-01","2025-05-31"
226,9178,2024,"2024-08-01","2025-05-31"
227,530,2024,"2024-08-01","2025-05-31"
228,57,2024,"2024-08-01","2025-05-31"
229,111,2024,"2024-08-01","2025-05-31"
230,9195,2024,"2024-08-01","2025-05-31"
231,58,2024,"2024-08-01","2025-05-31"
232,10289,2024,"2024-08-01","2025-05-31"
233,235,2024,"2024-08-01","2025-05-31"
234,237,2024,"2024-08-01","2025-05-31"
235,9851,2024,"2024-08-01","2025-05-31"
236,8870,2024,"2024-08-01","2025-05-31"
237,533,2024,"2024-08-01","2025-05-31"
238,129,2024,"2024-08-01","2025-05-31"
239,9389,2024,"2024-08-01","2025-05-31"
240,8978,2024,"2024-08-01","2025-05-31"
241,8979,2024,"2024-08-01","2025-05-31"
242,59,2024,"2024-08-01","2025-05-31"
243,203,2024,"2024-08-01","2025-05-31"
244,204,2024,"2024-08-01","2025-05-31"
245,331,2024,"2024-08-01","2025-05-31"
246,332,2024,"2024-08-01","2025-05-31"
247,10714,2024,"2024-08-01","2025-05-31"
248,333,2024,"2024-08-01","2025-05-31"
249,10628,2024,"2024-08-01","2025-05-31"
250,60,2024,"2024-08-01","2025-05-31"
251,206,2024,"2024-08-01","2025-05-31"
252,205,2024,"2024-08-01","2025-05-31"
253,9754,2024,"2024-08-01","2025-05-31"
254,9382,2024,"2024-08-01","2025-05-31"
255,9039,2024,"2024-08-01","2025-05-31"
256,10230,2024,"2024-08-01","2025-05-31"
257,199,2024,"2024-08-01","2025-05-31"
258,10259,2024,"2024-08-01","2025-05-31"
259,131,2024,"2024-08-01","2025-05-31"
260,196,2024,"2024-08-01","2025-05-31"
261,197,2024,"2024-08-01","2025-05-31"
262,198,2024,"2024-08-01","2025-05-31"
263,200,2024,"2024-08-01","2025-05-31"
264,8935,2024,"2024-08-01","2025-05-31"
265,61,2024,"2024-08-01","2025-05-31"
266,185,2024,"2024-08-01","2025-05-31"
267,187,2024,"2024-08-01","2025-05-31"
268,9112,2024,"2024-08-01","2025-05-31"
269,9668,2024,"2024-08-01","2025-05-31"
270,10215,2024,"2024-08-01","2025-05-31"
271,186,2024,"2024-08-01","2025-05-31"
272,188,2024,"2024-08-01","2025-05-31"
273,535,2024,"2024-08-01","2025-05-31"
274,9661,2024,"2024-08-01","2025-05-31"
275,189,2024,"2024-08-01","2025-05-31"
276,9113,2024,"2024-08-01","2025-05-31"
277,190,2024,"2024-08-01","2025-05-31"
278,192,2024,"2024-08-01","2025-05-31"
279,9587,2024,"2024-08-01","2025-05-31"
280,63,2024,"2024-08-01","2025-05-31"
281,193,2024,"2024-08-01","2025-05-31"
282,9333,2024,"2024-08-01","2025-05-31"
283,195,2024,"2024-08-01","2025-05-31"
284,338,2024,"2024-08-01","2025-05-31"
285,9123,2024,"2024-08-01","2025-05-31"
286,536,2024,"2024-08-01","2025-05-31"
287,9942,2024,"2024-08-01","2025-05-31"
288,10074,2024,"2024-08-01","2025-05-31"
289,64,2024,"2024-08-01","2025-05-31"
290,123,2024,"2024-08-01","2025-05-31"
291,124,2024,"2024-08-01","2025-05-31"
292,125,2024,"2024-08-01","2025-05-31"
293,181,2024,"2024-08-01","2025-05-31"
294,179,2024,"2024-08-01","2025-05-31"
295,9737,2024,"2024-08-01","2025-05-31"
296,180,2024,"2024-08-01","2025-05-31"
297,9738,2024,"2024-08-01","2025-05-31"
298,9739,2024,"2024-08-01","2025-05-31"
299,137,2024,"2024-08-01","2025-05-31"
300,182,2024,"2024-08-01","2025-05-31"
301,183,2024,"2024-08-01","2025-05-31"
302,10583,2024,"2024-08-01","2025-05-31"
303,461,2024,"2024-08-01","2025-05-31"
304,9143,2024,"2024-08-01","2025-05-31"
305,176,2024,"2024-08-01","2025-05-31"
306,8973,2024,"2024-08-01","2025-05-31"
307,177,2024,"2024-08-01","2025-05-31"
308,9845,2024,"2024-08-01","2025-05-31"
309,173,2024,"2024-08-01","2025-05-31"
310,492,2024,"2024-08-01","2025-05-31"
311,174,2024,"2024-08-01","2025-05-31"
312,10708,2024,"2024-08-01","2025-05-31"
313,9474,2024,"2024-08-01","2025-05-31"
314,9473,2024,"2024-08-01","2025-05-31"
315,537,2024,"2024-08-01","2025-05-31"
316,10584,2024,"2024-08-01","2025-05-31"
317,9080,2024,"2024-08-01","2025-05-31"
318,9422,2024,"2024-08-01","2025-05-31"
319,9551,2024,"2024-08-01","2025-05-31"
320,9116,2024,"2024-08-01","2025-05-31"
321,87,2024,"2024-08-01","2025-05-31"
322,140,2024,"2024-08-01","2025-05-31"
323,8968,2024,"2024-08-01","2025-05-31"
324,9138,2024,"2024-08-01","2025-05-31"
325,9907,2024,"2024-08-01","2025-05-31"
326,138,2024,"2024-08-01","2025-05-31"
327,139,2024,"2024-08-01","2025-05-31"
328,10651,2024,"2024-08-01","2025-05-31"
329,67,2024,"2024-08-01","2025-05-31"
330,68,2024,"2024-08-01","2025-05-31"
331,168,2024,"2024-08-01","2025-05-31"
332,172,2024,"2024-08-01","2025-05-31"
333,9089,2024,"2024-08-01","2025-05-31"
334,171,2024,"2024-08-01","2025-05-31"
335,9634,2024,"2024-08-01","2025-05-31"
336,10316,2024,"2024-08-01","2025-05-31"
337,10308,2024,"2024-08-01","2025-05-31"
338,169,2024,"2024-08-01","2025-05-31"
339,69,2024,"2024-08-01","2025-05-31"
340,163,2024,"2024-08-01","2025-05-31"
341,10433,2024,"2024-08-01","2025-05-31"
342,70,2024,"2024-08-01","2025-05-31"
343,164,2024,"2024-08-01","2025-05-31"
344,9066,2024,"2024-08-01","2025-05-31"
345,10028,2024,"2024-08-01","2025-05-31"
346,8984,2024,"2024-08-01","2025-05-31"
347,544,2024,"2024-08-01","2025-05-31"
348,9669,2024,"2024-08-01","2025-05-31"
349,71,2024,"2024-08-01","2025-05-31"
350,165,2024,"2024-08-01","2025-05-31"
351,166,2024,"2024-08-01","2025-05-31"
352,151,2024,"2024-08-01","2025-05-31"
353,441,2024,"2024-08-01","2025-05-31"
354,9829,2024,"2024-08-01","2025-05-31"
355,10023,2024,"2024-08-01","2025-05-31"
356,442,2024,"2024-08-01","2025-05-31"
357,538,2024,"2024-08-01","2025-05-31"
358,9943,2024,"2024-08-01","2025-05-31"
359,130,2024,"2024-08-01","2025-05-31"
360,8972,2024,"2024-08-01","2025-05-31"
361,9296,2024,"2024-08-01","2025-05-31"
362,9441,2024,"2024-08-01","2025-05-31"
363,9134,2024,"2024-08-01","2025-05-31"
364,10282,2024,"2024-08-01","2025-05-31"
365,10084,2024,"2024-08-01","2025-05-31"
366,10167,2024,"2024-08-01","2025-05-31"
367,10654,2024,"2024-08-01","2025-05-31"
368,10699,2024,"2024-08-01","2025-05-31"
369,10342,2024,"2024-08-01","2025-05-31"
370,161,2024,"2024-08-01","2025-05-31"
371,9122,2024,"2024-08-01","2025-05-31"
372,10193,2024,"2024-08-01","2025-05-31"
373,10343,2024,"2024-08-01","2025-05-31"
374,339,2024,"2024-08-01","2025-05-31"
375,9088,2024,"2024-08-01","2025-05-31"
376,9628,2024,"2024-08-01","2025-05-31"
377,116,2024,"2024-08-01","2025-05-31"
378,9166,2024,"2024-08-01","2025-05-31"
379,2,2023,"2023-06-27","2024-06-01"
380,3,2023,"2023-08-08","2024-05-22"
383,61,2023,"2023-08-11","2024-06-02"
384,144,2023,"2023-07-28","2024-06-02"
385,71,2023,"2023-04-15","2023-12-03"
386,39,2023,"2023-08-11","2024-05-19"
387,78,2023,"2023-08-18","2024-05-27"
388,135,2023,"2023-08-19","2024-05-26"
389,88,2023,"2023-08-11","2024-06-02"
390,94,2023,"2023-08-11","2024-06-02"
391,140,2023,"2023-08-11","2024-05-26"
392,179,2023,"2023-08-05","2024-05-26"
393,180,2023,"2023-08-04","2024-05-18"
394,62,2023,"2023-08-05","2024-05-24"
396,311,2023,"2023-09-02","2024-05-16"
397,310,2023,"2023-08-26","2024-05-26"
398,186,2023,"2023-09-15","2024-06-08"
399,187,2023,"2023-09-29","2024-06-01"
400,335,2023,"2023-07-29","2024-05-15"
401,336,2023,"2023-08-06","2024-05-25"
402,334,2023,"2023-07-27","2024-06-08"
403,333,2023,"2023-07-28","2024-06-02"
404,301,2023,"2023-08-18","2024-05-25"
405,303,2023,"2023-09-09","2024-05-24"
406,302,2023,"2023-08-30","2024-04-26"
407,269,2023,"2023-03-04","2024-01-27"
408,202,2023,"2023-08-19","2024-06-20"
409,203,2023,"2023-08-13","2024-05-19"
410,204,2023,"2023-08-11","2024-05-30"
411,205,2023,"2023-08-26","2024-06-02"
412,206,2023,"2023-09-17","2024-05-23"
413,63,2023,"2023-08-11","2024-05-17"
414,66,2023,"2023-11-17","2024-05-25"
415,67,2023,"2023-08-26","2024-05-18"
416,68,2023,"2023-08-26","2024-05-19"
417,69,2023,"2023-08-26","2024-05-18"
418,70,2023,"2023-08-26","2024-05-18"
419,233,2023,"2023-09-18","2024-08-18"
420,370,2023,"2023-08-13","2024-05-25"
421,328,2023,"2023-03-04","2023-11-29"
422,329,2023,"2023-03-03","2023-12-03"
423,326,2023,"2023-02-28","2023-12-08"
424,377,2023,"2023-08-26","2024-05-26"
425,339,2023,"2023-07-29","2024-05-19"
426,338,2023,"2023-07-29","2024-06-09"
427,199,2023,"2023-08-26","2024-05-18"
428,197,2023,"2023-08-18","2024-05-12"
429,79,2023,"2023-07-28","2024-05-28"
430,80,2023,"2023-08-05","2024-05-18"
431,81,2023,"2023-08-11","2024-05-25"
432,7,2023,"2024-01-12","2024-02-10"
433,8,2023,"2023-07-20","2023-08-20"
434,312,2023,"2023-09-16","2024-05-29"
435,313,2023,"2023-10-01","2024-05-19"
436,131,2023,"2023-02-10","2023-12-12"
437,129,2023,"2023-02-04","2023-12-02"
438,132,2023,"2023-01-27","2023-11-25"
439,133,2023,"2023-03-18","2023-11-25"
440,134,2023,"2023-03-10","2023-12-03"
441,188,2023,"2023-10-20","2024-05-25"
442,191,2023,"2023-03-04","2023-09-09"
443,193,2023,"2023-04-21","2023-10-08"
444,220,2023,"2023-07-20","2024-05-01"
445,219,2023,"2023-07-28","2024-05-26"
446,218,2023,"2023-07-28","2024-05-28"
447,418,2023,"2023-09-13","2024-05-23"
448,419,2023,"2023-08-04","2024-05-26"
449,222,2023,"2023-07-28","2024-06-07"
450,221,2023,"2023-07-28","2024-06-01"
451,223,2023,"2023-07-28","2024-06-08"
452,110,2023,"2023-08-11","2024-05-18"
453,112,2023,"2023-09-15","2024-04-28"
454,299,2023,"2023-02-03","2023-11-25"
455,300,2023,"2023-03-11","2023-11-29"
456,406,2023,"2023-08-17","2024-05-25"
457,322,2023,"2023-10-22","2024-05-19"
458,387,2023,"2023-08-03","2024-05-25"
459,388,2023,"2023-04-06","2023-10-30"
460,330,2023,"2023-08-24","2024-05-28"
461,119,2023,"2023-07-21","2024-05-31"
462,120,2023,"2023-07-21","2024-06-02"
463,124,2023,"2023-08-11","2024-06-15"
464,125,2023,"2023-08-11","2024-04-06"
465,126,2023,"2023-08-11","2024-04-06"
466,234,2023,"2023-07-29","2024-05-25"
467,381,2023,"2023-10-08","2024-05-19"
468,380,2023,"2023-08-19","2024-05-26"
469,273,2023,"2023-08-05","2024-05-15"
470,271,2023,"2023-07-28","2024-05-25"
471,272,2023,"2023-07-30","2024-05-26"
472,390,2023,"2023-08-04","2024-06-30"
473,261,2023,"2023-08-05","2024-06-02"
474,306,2023,"2023-09-21","2024-04-17"
475,305,2023,"2023-08-16","2024-04-26"
476,40,2023,"2023-08-04","2024-05-26"
477,46,2023,"2023-08-22","2024-04-07"
478,45,2023,"2023-08-04","2024-05-25"
479,47,2023,"2023-09-08","2024-05-11"
480,48,2023,"2023-08-08","2024-02-25"
481,43,2023,"2023-08-05","2024-05-05"
482,41,2023,"2023-08-05","2024-05-18"
483,42,2023,"2023-08-05","2024-05-19"
484,15,2023,"2023-12-12","2023-12-22"
485,422,2023,"2024-01-28","2024-06-01"
486,72,2023,"2023-04-14","2023-11-25"
487,75,2023,"2023-05-02","2023-10-22"
488,76,2023,"2023-05-06","2023-09-23"
489,253,2023,"2023-02-25","2023-12-09"
490,257,2023,"2023-03-21","2023-09-27"
491,268,2023,"2023-02-03","2023-12-16"
492,270,2023,"2023-08-18","2023-12-16"
493,369,2023,"2023-03-03","2023-12-05"
494,296,2023,"2023-08-11","2024-06-16"
495,297,2023,"2023-08-11","2024-05-25"
496,366,2023,"2023-03-04","2023-10-27"
497,367,2023,"2023-03-04","2023-10-28"
498,245,2023,"2023-04-14","2023-10-21"
499,244,2023,"2023-04-05","2023-11-05"
500,246,2023,"2023-02-19","2023-09-30"
501,247,2023,"2023-04-21","2023-10-07"
502,248,2023,"2023-04-21","2023-10-07"
503,249,2023,"2023-04-22","2023-10-07"
504,242,2023,"2023-02-25","2023-12-17"
505,243,2023,"2023-03-15","2023-10-25"
506,397,2023,"2023-09-15","2024-06-01"
507,343,2023,"2023-08-01","2024-05-16"
508,342,2023,"2023-07-29","2024-05-24"
509,481,2023,"2023-03-03","2023-09-09"
510,116,2023,"2023-03-17","2023-12-09"
511,117,2023,"2023-04-01","2023-11-25"
512,118,2023,"2023-04-15","2023-11-19"
513,400,2023,"2023-08-19","2024-05-18"
514,340,2023,"2023-02-03","2023-08-27"
515,102,2023,"2023-05-20","2023-12-09"
516,101,2023,"2023-03-08","2023-11-04"
517,98,2023,"2023-02-17","2023-12-03"
518,99,2023,"2023-02-18","2023-12-02"
519,100,2023,"2023-03-04","2023-12-02"
520,389,2023,"2023-03-04","2023-10-28"
521,276,2023,"2023-08-26","2024-07-14"
522,121,2023,"2023-08-05","2024-05-09"
523,364,2023,"2023-04-07","2023-11-12"
524,365,2023,"2023-03-11","2023-11-25"
525,361,2023,"2023-03-10","2023-11-08"
526,362,2023,"2023-03-03","2023-11-25"
527,28,2023,"2023-06-21","2023-07-04"
528,421,2023,"2023-09-23","2024-06-06"
529,420,2023,"2023-11-28","2024-06-02"
530,298,2023,"2023-10-04","2024-06-22"
531,376,2023,"2023-02-25","2023-09-10"
532,64,2023,"2023-09-15","2024-05-17"
534,327,2023,"2023-02-25","2023-12-10"
535,378,2023,"2023-11-22","2024-07-02"
536,24,2023,"2024-10-08","2024-12-21"
537,128,2023,"2023-01-26","2023-07-30"
538,183,2023,"2023-08-05","2024-05-17"
539,184,2023,"2023-08-05","2024-05-18"
540,22,2023,"2023-06-25","2023-07-16"
541,27,2023,"2023-02-11","2023-05-27"
542,6,2023,"2024-01-13","2024-02-11"
543,255,2023,"2023-03-11","2023-11-13"
544,363,2023,"2023-10-01","2024-06-30"
545,122,2023,"2023-08-04","2024-06-15"
546,497,2023,"2023-03-12","2023-11-26"
547,127,2023,"2023-08-12","2024-04-06"
548,317,2023,"2023-08-12","2024-06-02"
549,316,2023,"2023-08-12","2024-06-09"
550,295,2023,"2023-03-11","2023-11-25"
551,495,2023,"2024-02-07","2024-06-20"
552,496,2023,"2023-09-07","2024-05-24"
553,166,2023,"2023-05-05","2023-09-16"
554,368,2023,"2023-02-24","2023-08-27"
555,314,2023,"2023-09-26","2024-05-15"
556,315,2023,"2023-07-29","2024-05-26"
557,371,2023,"2023-08-06","2024-05-26"
558,382,2023,"2023-08-24","2024-05-29"
559,383,2023,"2023-08-26","2024-05-25"
560,386,2023,"2023-10-07","2024-06-01"
561,392,2023,"2023-09-16","2024-05-05"
562,393,2023,"2023-09-15","2024-05-04"
563,394,2023,"2023-08-05","2024-05-23"
564,396,2023,"2023-07-29","2024-06-02"
565,96,2023,"2023-09-08","2024-05-26"
566,399,2023,"2023-01-08","2023-06-11"
567,401,2023,"2023-03-18","2023-11-26"
568,403,2023,"2023-10-28","2024-06-08"
569,404,2023,"2023-09-15","2024-05-18"
570,411,2023,"2022-10-15","2023-05-24"
571,410,2023,"2023-08-05","2024-05-12"
572,417,2023,"2023-09-22","2024-05-31"
573,415,2023,"2023-10-21","2024-06-23"
574,414,2023,"2023-09-30","2024-03-24"
575,413,2023,"2023-04-30","2023-06-06"
576,412,2023,"2023-10-07","2024-06-01"
577,398,2023,"2022-12-09","2023-07-22"
578,16,2023,"2023-03-07","2023-06-04"
579,17,2023,"2023-08-15","2024-05-25"
580,25,2023,"2023-01-06","2023-01-19"
581,141,2023,"2023-08-11","2024-06-23"
582,136,2023,"2023-08-18","2024-06-02"
583,103,2023,"2023-04-10","2023-12-10"
584,89,2023,"2023-08-11","2024-05-10"
585,95,2023,"2023-08-12","2024-06-02"
586,113,2023,"2023-04-01","2023-11-27"
587,162,2023,"2023-07-26","2024-05-26"
588,164,2023,"2023-04-10","2023-10-08"
589,169,2023,"2023-04-15","2023-11-04"
590,137,2023,"2023-08-05","2024-05-15"
591,200,2023,"2023-08-25","2024-06-14"
592,207,2023,"2023-07-22","2024-05-31"
593,210,2023,"2023-07-22","2024-05-25"
594,235,2023,"2023-07-21","2024-06-01"
595,239,2023,"2023-01-25","2023-12-14"
596,250,2023,"2023-01-27","2023-06-11"
597,73,2023,"2023-02-21","2023-09-24"
598,90,2023,"2023-08-12","2024-04-21"
599,145,2023,"2023-08-11","2024-05-12"
600,173,2023,"2023-07-15","2024-05-25"
601,170,2023,"2023-04-22","2023-11-05"
602,189,2023,"2023-04-01","2023-09-23"
603,240,2023,"2023-02-03","2023-11-28"
604,211,2023,"2023-08-11","2024-06-14"
605,138,2023,"2023-09-03","2024-04-28"
606,146,2023,"2023-08-25","2024-05-25"
607,74,2023,"2023-02-24","2023-09-10"
608,44,2023,"2023-10-01","2024-05-18"
609,82,2023,"2023-09-15","2024-05-20"
610,139,2023,"2023-09-16","2024-05-26"
611,91,2023,"2023-09-08","2024-05-10"
612,142,2023,"2023-09-10","2024-06-16"
613,130,2023,"2023-01-23","2023-12-06"
614,190,2023,"2023-10-14","2024-05-04"
615,236,2023,"2023-07-15","2024-05-25"
616,165,2023,"2023-05-05","2023-09-30"
617,251,2023,"2023-03-31","2023-10-09"
618,104,2023,"2023-04-10","2023-12-03"
619,114,2023,"2023-04-01","2023-11-26"
620,208,2023,"2023-07-21","2024-05-20"
621,262,2023,"2023-07-01","2024-05-26"
622,263,2023,"2023-07-22","2024-05-19"
623,259,2023,"2023-04-18","2023-07-06"
624,278,2023,"2023-02-24","2023-12-17"
625,281,2023,"2023-02-03","2023-11-08"
626,282,2023,"2023-04-15","2023-10-27"
627,283,2023,"2023-07-14","2024-05-27"
628,284,2023,"2023-08-05","2024-05-11"
629,286,2023,"2023-07-29","2024-06-03"
630,287,2023,"2023-08-05","2024-05-25"
631,288,2023,"2023-08-04","2024-06-19"
632,289,2023,"2023-08-25","2024-05-19"
633,290,2023,"2023-08-09","2024-05-31"
634,291,2023,"2023-09-02","2024-06-05"
635,292,2023,"2023-02-25","2023-12-09"
636,293,2023,"2023-03-01","2023-12-02"
637,307,2023,"2023-08-11","2024-05-27"
638,308,2023,"2023-08-14","2024-05-28"
639,252,2023,"2023-07-07","2023-12-01"
640,488,2023,"2023-08-12","2024-05-30"
641,372,2023,"2023-08-12","2024-05-18"
642,174,2023,"2023-08-09","2024-05-15"
643,10,2023,"2023-01-03","2024-01-06"
644,14,2023,"2023-09-19","2024-04-22"
645,18,2023,"2023-08-08","2024-05-05"
646,20,2023,"2023-08-18","2024-05-19"
647,407,2023,"2023-08-05","2024-05-03"
648,408,2023,"2023-08-04","2024-05-06"
649,331,2023,"2023-08-27","2024-05-10"
650,38,2023,"2023-06-21","2023-07-08"
651,425,2023,"2023-09-22","2024-04-27"
652,77,2023,"2023-01-14","2023-04-08"
653,185,2023,"2023-07-15","2023-12-17"
654,490,2023,"2023-05-20","2023-06-11"
655,492,2023,"2023-08-19","2024-06-15"
656,498,2023,"2023-03-16","2023-11-04"
657,258,2023,"2023-05-28","2023-09-23"
658,274,2023,"2023-07-01","2024-05-31"
659,304,2023,"2023-01-14","2023-12-09"
660,106,2023,"2023-07-21","2024-05-25"
661,172,2023,"2023-07-14","2024-05-31"
662,163,2023,"2023-07-29","2024-05-19"
663,111,2023,"2023-07-27","2024-04-13"
664,265,2023,"2023-01-22","2023-12-10"
665,266,2023,"2023-02-10","2023-12-10"
666,277,2023,"2023-09-16","2024-06-30"
667,318,2023,"2023-08-18","2024-05-12"
668,319,2023,"2023-09-15","2024-04-28"
669,320,2023,"2023-09-30","2024-04-20"
670,201,2023,"2023-09-02","2024-06-15"
671,323,2023,"2023-09-21","2024-05-04"
672,324,2023,"2023-10-28","2024-04-13"
673,107,2023,"2023-07-21","2024-06-02"
674,332,2023,"2023-07-28","2024-05-25"
675,345,2023,"2023-07-22","2024-06-02"
676,346,2023,"2023-07-22","2024-05-25"
677,355,2023,"2023-07-22","2024-06-04"
678,356,2023,"2023-08-12","2024-05-19"
679,344,2023,"2023-02-04","2023-12-16"
680,256,2023,"2023-05-06","2023-08-05"
681,373,2023,"2023-07-22","2024-05-26"
682,374,2023,"2023-07-30","2024-05-18"
683,391,2023,"2023-04-15","2023-11-12"
684,143,2023,"2023-10-11","2024-04-06"
685,405,2023,"2023-08-18","2024-05-12"
686,416,2023,"2023-08-06","2024-05-25"
687,212,2023,"2023-08-19","2024-05-30"
688,384,2023,"2023-08-31","2024-05-30"
689,285,2023,"2023-07-12","2024-05-15"
690,321,2023,"2023-10-25","2024-05-18"
691,29,2023,"2023-11-13","2025-10-13"
692,149,2023,"2023-08-30","2024-05-05"
693,150,2023,"2023-08-30","2024-05-05"
694,151,2023,"2023-09-03","2024-04-28"
695,152,2023,"2023-09-02","2024-04-28"
696,175,2023,"2023-08-12","2024-06-01"
697,176,2023,"2023-08-12","2024-06-01"
698,177,2023,"2023-08-05","2024-06-01"
699,178,2023,"2023-08-05","2024-06-08"
700,491,2023,"2023-04-21","2023-11-04"
701,493,2023,"2023-07-03","2023-07-16"
702,499,2023,"2023-08-03","2023-12-09"
703,224,2023,"2023-08-04","2024-06-08"
704,225,2023,"2023-07-28","2024-06-09"
705,226,2023,"2023-08-11","2024-06-15"
706,227,2023,"2023-08-04","2024-06-08"
707,228,2023,"2023-08-04","2024-06-08"
708,229,2023,"2023-08-03","2024-06-07"
709,230,2023,"2023-07-28","2024-06-15"
710,231,2023,"2023-08-12","2024-06-08"
711,232,2023,"2023-08-18","2024-06-16"
712,148,2023,"2023-08-26","2024-05-12"
713,153,2023,"2023-09-02","2024-04-28"
714,154,2023,"2023-09-02","2024-04-28"
715,155,2023,"2023-08-19","2024-04-28"
716,156,2023,"2023-08-12","2024-04-21"
717,157,2023,"2023-09-02","2024-04-28"
718,158,2023,"2023-08-26","2024-04-28"
719,159,2023,"2023-08-19","2024-04-28"
720,160,2023,"2023-09-02","2024-04-28"
721,161,2023,"2023-09-02","2024-04-28"
722,423,2023,"2023-09-01","2024-05-17"
723,424,2023,"2023-08-23","2024-05-29"
724,213,2023,"2023-09-01","2024-05-25"
725,214,2023,"2023-08-26","2024-05-25"
726,215,2023,"2023-08-18","2024-06-01"
727,216,2023,"2023-08-25","2024-06-01"
728,217,2023,"2023-08-19","2024-06-01"
729,348,2023,"2023-08-04","2024-06-08"
730,349,2023,"2023-08-04","2024-06-16"
731,350,2023,"2023-08-05","2024-06-15"
732,351,2023,"2023-08-04","2024-06-15"
733,352,2023,"2023-08-05","2024-06-15"
734,353,2023,"2023-08-05","2024-06-16"
735,354,2023,"2023-08-05","2024-06-16"
736,50,2023,"2023-08-05","2024-04-20"
737,51,2023,"2023-08-05","2024-04-20"
738,52,2023,"2023-08-11","2024-04-27"
739,53,2023,"2023-08-12","2024-04-27"
740,54,2023,"2023-08-12","2024-04-27"
741,55,2023,"2023-08-12","2024-04-27"
742,56,2023,"2023-08-12","2024-04-27"
743,57,2023,"2023-08-12","2024-04-27"
744,58,2023,"2023-08-12","2024-04-27"
745,59,2023,"2023-08-12","2024-04-27"
746,60,2023,"2023-08-05","2024-04-27"
747,92,2023,"2023-08-19","2024-05-25"
748,93,2023,"2023-08-19","2024-05-25"
749,109,2023,"2023-07-21","2024-06-01"
750,341,2023,"2023-03-31","2023-09-04"
751,238,2023,"2023-07-07","2023-12-01"
752,83,2023,"2023-07-20","2024-05-18"
753,84,2023,"2023-07-28","2024-05-18"
754,85,2023,"2023-07-28","2024-05-19"
755,86,2023,"2023-08-04","2024-05-18"
756,87,2023,"2023-07-28","2024-05-18"
757,426,2023,"2023-09-10","2024-05-05"
758,427,2023,"2023-09-10","2024-05-05"
759,428,2023,"2023-09-10","2024-05-05"
760,429,2023,"2023-09-10","2024-05-05"
761,430,2023,"2023-09-10","2024-05-05"
762,431,2023,"2023-09-10","2024-05-05"
763,432,2023,"2023-09-10","2024-05-05"
764,433,2023,"2023-09-10","2024-05-05"
765,434,2023,"2023-09-10","2024-05-05"
766,435,2023,"2023-08-26","2024-05-26"
767,436,2023,"2023-08-27","2024-05-26"
768,439,2023,"2023-09-10","2024-05-12"
769,440,2023,"2023-09-10","2024-05-12"
770,441,2023,"2023-09-09","2024-05-12"
771,442,2023,"2023-09-10","2024-05-12"
772,443,2023,"2023-09-10","2024-05-12"
773,444,2023,"2023-09-09","2024-05-12"
774,445,2023,"2023-09-10","2024-05-12"
775,446,2023,"2023-09-10","2024-05-12"
776,447,2023,"2023-09-09","2024-05-12"
777,448,2023,"2023-09-10","2024-05-12"
778,449,2023,"2023-09-09","2024-05-12"
779,450,2023,"2023-09-09","2024-05-12"
780,451,2023,"2023-09-10","2024-05-12"
781,452,2023,"2023-09-10","2024-05-12"
782,453,2023,"2023-09-09","2024-05-12"
783,454,2023,"2023-09-10","2024-05-12"
784,455,2023,"2023-09-09","2024-05-12"
785,456,2023,"2023-09-10","2024-05-12"
786,457,2023,"2023-08-20","2024-04-07"
787,458,2023,"2023-08-20","2024-04-07"
788,459,2023,"2023-08-20","2024-04-07"
789,460,2023,"2023-08-20","2024-04-07"
790,461,2023,"2023-08-26","2024-05-19"
791,462,2023,"2023-08-26","2024-05-19"
792,463,2023,"2023-08-26","2024-05-19"
793,464,2023,"2023-08-26","2024-05-18"
794,465,2023,"2023-08-26","2024-05-18"
795,466,2023,"2023-08-26","2024-05-19"
796,467,2023,"2023-08-26","2024-05-19"
797,468,2023,"2023-08-26","2024-05-19"
798,469,2023,"2023-08-26","2024-05-18"
799,470,2023,"2023-08-26","2024-05-19"
800,473,2023,"2023-04-10","2023-11-11"
801,474,2023,"2023-04-10","2023-11-11"
802,484,2023,"2023-08-27","2024-06-02"
803,485,2023,"2023-10-14","2024-03-24"
804,486,2023,"2023-04-30","2024-05-25"
805,487,2023,"2023-08-30","2024-05-11"
806,489,2023,"2023-03-17","2023-11-06"
807,494,2023,"2023-09-23","2024-05-22"
808,275,2023,"2023-09-10","2024-03-09"
809,395,2023,"2023-08-18","2024-04-26"
810,267,2023,"2023-03-10","2023-12-20"
811,171,2023,"2023-05-17","2023-11-25"
812,241,2023,"2023-02-14","2023-11-23"
813,147,2023,"2023-07-28","2024-05-09"
814,167,2023,"2023-03-22","2023-09-16"
815,168,2023,"2023-02-04","2023-04-02"
816,359,2023,"2023-07-21","2023-11-12"
817,385,2023,"2023-07-20","2024-01-23"
818,11,2023,"2023-03-06","2023-10-28"
819,12,2023,"2023-08-18","2024-05-25"
820,13,2023,"2023-02-08","2023-11-04"
821,209,2023,"2023-08-18","2024-06-02"
822,115,2023,"2023-05-23","2024-05-01"
823,375,2023,"2023-08-19","2024-05-24"
824,181,2023,"2023-08-12","2024-05-25"
825,182,2023,"2023-08-01","2024-03-24"
826,237,2023,"2023-07-25","2024-06-02"
827,97,2023,"2023-07-21","2024-01-27"
828,108,2023,"2023-08-02","2024-05-02"
829,105,2023,"2023-05-22","2023-12-09"
830,294,2023,"2023-03-04","2023-11-04"
831,325,2023,"2023-10-08","2024-03-09"
832,347,2023,"2023-07-22","2024-05-22"
833,254,2023,"2023-03-25","2023-11-12"
834,260,2023,"2023-04-30","2023-07-30"
835,192,2023,"2023-02-03","2023-08-27"
836,194,2023,"2023-02-17","2023-09-08"
837,195,2023,"2023-02-16","2023-09-10"
838,196,2023,"2023-03-17","2023-09-23"
839,357,2023,"2023-02-17","2023-11-10"
840,358,2023,"2023-02-17","2023-11-04"
841,482,2023,"2023-02-24","2023-09-17"
842,475,2023,"2023-01-14","2023-04-09"
843,476,2023,"2023-01-13","2023-04-08"
844,477,2023,"2023-01-20","2023-04-08"
845,478,2023,"2023-04-15","2023-08-27"
846,479,2023,"2023-04-15","2023-10-28"
847,500,2023,"2023-03-08","2023-07-22"
848,36,2023,"2022-03-21","2023-03-28"
